FileName,Mark
S_14_hppscan114.png,39
S_14_hppscan115.png,40
S_18_hppscan117.png,38
S_14_hppscan125.png,35
S_15_hppscan111.png,33
S_16_hppscan19.png,24
S_14_hppscan134.png,43
S_13_hppscan13.png,29
S_17_hppscan112.png,30
S_18_hppscan120.png,32
S_15_hppscan121.png,36
S_13_hppscan131.png,35
S_15_hppscan118.png,32
S_13_hppscan125.png,39
S_15_hppscan122.png,27
S_14_hppscan13.png,32
S_13_hppscan128.png,25
S_15_hppscan12.png,32
S_17_hppscan113.png,41
S_13_hppscan16.png,31
S_16_hppscan129.png,41
S_16_hppscan16.png,36
S_14_hppscan112.png,43
S_18_hppscan115.png,42
S_13_hppscan18.png,30
S_18_hppscan128.png,25
S_17_hppscan130.png,33
S_16_hppscan117.png,30
S_14_hppscan130.png,40
S_18_hppscan12.png,25
S_16_hppscan116.png,24
S_15_hppscan115.png,37
S_15_hppscan14.png,29
S_16_hppscan115.png,24
S_15_hppscan124.png,16
S_18_hppscan15.png,40
S_16_hppscan17.png,27
S_16_hppscan14.png,13
S_16_hppscan13.png,31
S_14_hppscan119.png,37
S_17_hppscan114.png,33
S_13_hppscan133.png,24
S_17_hppscan116.png,32
S_14_hppscan117.png,27
S_16_hppscan122.png,26
S_14_hppscan12.png,32
S_13_hppscan123.png,32
S_15_hppscan126.png,21
S_18_hppscan132.png,22
S_14_hppscan133.png,37
S_18_hppscan114.png,21
S_17_hppscan120.png,22
S_13_hppscan124.png,23
S_18_hppscan125.png,31
S_16_hppscan123.png,31
S_15_hppscan128.png,34
S_14_hppscan132.png,32
S_17_hppscan111.png,20
S_14_hppscan16.png,34
S_18_hppscan118.png,26
S_14_hppscan120.png,40
S_15_hppscan117.png,32
S_17_hppscan125.png,34
S_16_hppscan112.png,37
S_16_hppscan114.png,17
S_17_hppscan19.png,31
S_16_hppscan128.png,38
S_14_hppscan116.png,40
S_13_hppscan116.png,38
S_14_hppscan18.png,28
S_18_hppscan112.png,23
S_14_hppscan122.png,32
S_13_hppscan112.png,39
S_16_hppscan1.png,41
S_16_hppscan125.png,39
S_18_hppscan122.png,33
S_13_hppscan118.png,23
S_15_hppscan123.png,34
S_14_hppscan113.png,40
S_13_hppscan117.png,27
S_18_hppscan13.png,35
S_15_hppscan16.png,30
S_18_hppscan130.png,28
S_18_hppscan16.png,24
S_15_hppscan18.png,37
S_13_hppscan111.png,25
S_13_hppscan14.png,35
S_15_hppscan125.png,21
S_16_hppscan12.png,22
S_18_hppscan124.png,26
S_18_hppscan17.png,34
S_18_hppscan14.png,23
S_18_hppscan110.png,25
S_18_hppscan126.png,34
S_13_hppscan126.png,23
S_15_hppscan19.png,32
S_16_hppscan119.png,30
S_17_hppscan123.png,26
S_13_hppscan17.png,30
S_14_hppscan135.png,39
S_17_hppscan18.png,31
S_18_hppscan123.png,34
S_13_hppscan132.png,26
S_18_hppscan131.png,30
S_17_hppscan126.png,18
S_17_hppscan15.png,29
S_14_hppscan110.png,26
S_18_hppscan133.png,27
S_17_hppscan124.png,29
S_14_hppscan111.png,25
S_18_hppscan116.png,38
S_18_hppscan19.png,29
S_17_hppscan121.png,31
S_14_hppscan19.png,41
S_15_hppscan112.png,34
S_13_hppscan19.png,34
S_14_hppscan17.png,36
S_15_hppscan15.png,23
S_15_hppscan120.png,34
S_16_hppscan110.png,28
S_14_hppscan15.png,25
S_15_hppscan129.png,32
S_14_hppscan131.png,39
S_14_hppscan14.png,22
S_15_hppscan17.png,27
S_13_hppscan110.png,39
S_16_hppscan126.png,36
S_17_hppscan12.png,29
S_14_hppscan126.png,41
S_16_hppscan127.png,25
S_17_hppscan129.png,27
S_16_hppscan118.png,38
S_15_hppscan114.png,32
S_17_hppscan14.png,28
